Workbook

Sheet Read Me
A1: Serverless Attendance System — Cost Estimate
A2: Item | B2: Details
A3: Purpose | B3: Submission-ready three-tier cost model for the Serverless Attendance System with Face Recognition.
A4: Workloads | B4: 10, 500 and 5,000 users/day, 30-day month.
A5: Pricing basis | B5: Public AWS list prices; account-specific credits/discounts are excluded. Service-specific included allowances are applied where explicitly modeled.
A6: Observed architecture | B6: S3, Lambda, Rekognition, DynamoDB, API Gateway, EventBridge Scheduler, CloudWatch and IAM. The report identifies the AWS region as us-west-1.
A7: Model assumptions | B7: 2 attendance scans/user/day; 4 API requests/user/day; 10 Lambda invocations/user/day; 256 MB Lambda memory; 0.50 sec average Lambda duration; 50 KB average attendance image; 3 KB logs/invocation; 100% X-Ray sampling.
A8: Important limitation | B8: The supplied project report does not provide measured monthly traffic or Lambda memory/duration for all functions. Those values are explicit planning assumptions, not observed production measurements.
A9: Cost optimization | B9: Modeled Lambda ARM64/Graviton migration. This is a cost-model scenario and is not claimed as an already-applied production change.
A10: Region note | B10: The report's test environment states us-west-1 (US West / N. California). Verify the final AWS Billing region before submitting a live estimate.

Sheet Assumptions
A1: Serverless Attendance System — Cost Estimation
A2: Assumption | B2: Value | C2: Basis / note
A3: AWS Region | B3: us-west-1 (US West / N. California) | C3: Observed in the report's Test Environment section.
A4: Users/day — Low | B4: 10 | C4: Three-tier assignment workload.
A5: Users/day — Medium | B5: 500 | C5: Three-tier assignment workload.
A6: Users/day — High | B6: 5000 | C6: Three-tier assignment workload.
A7: Days/month | B7: 30 | C7: Cost-model assumption.
A8: Attendance scans/user/day | B8: 2 | C8: Planning assumption: one clock-in and one clock-out scan.
A9: API requests/user/day | B9: 4 | C9: Planning assumption: two upload-url requests + two dashboard/admin requests.
A10: Lambda invocations/user/day | B10: 10 | C10: Planning assumption: 2 upload workflow + 2 recognition + 2 verification + 2 attendance processing + 2 admin/API invocations.
A11: Lambda memory (MB) | B11: 256 | C11: Planning assumption; report confirms Lambda but does not provide a single measured memory setting for all functions.
A12: Lambda duration (seconds) | B12: 0.5 | C12: Planning assumption for cost model; not a measured full-workload value.
A13: Average attendance image (KB) | B13: 50 | C13: Planning assumption for uploaded face images.
A14: CloudWatch log volume/invocation (KB) | B14: 3 | C14: Planning assumption.
A15: DynamoDB reads/user/day | B15: 8 | C15: Planning assumption across two attendance events.
A16: DynamoDB writes/user/day | B16: 2 | C16: Planning assumption: one attendance record update per scan/day pair.
A17: X-Ray sampling | B17: 100% | C17: Conservative planning assumption.
A18: EventBridge Scheduler invocations/month | B18: 30 | C18: One daily absence-processing invocation per day.
A19: Pricing basis | B19: AWS public list prices | C19: Free-tier credits/negotiated discounts excluded; explicit service allowances used where applicable.
A21: Observed AWS resource inventory
A22: S3 bucket | B22: serverless-attendance-system-nishant-2026 | C22: Frontend, attendance input, registration images and reports.
A23: Additional S3 bucket | B23: sa-hr-admin-face-2026 | C23: HR/admin-facing object storage visible in resource summary.
A24: DynamoDB tables | B24: serverless-attendance; serverless-attendance-employees; serverless-verification-results | C24: Attendance, employee master and verification results.
A25: Lambda functions | B25: sa-register-employee; sa-recognize-face; upload_image; sa-admin-api; sa-weekly-analytics; sa-daily-absence; sa-verification-result; sa-process-attendance | C25: Resource inventory from Appendix A.
A26: API Gateway | B26: sa-admin-api | C26: Browser-facing HTTP API; routes include /analytics, /attendance, /employees, /upload-url, /register and /verification.
A27: Scheduler | B27: EventBridge / Scheduler | C27: Daily absence processing.
A28: Monitoring | B28: Amazon CloudWatch | C28: Execution logs and operational monitoring.

Sheet Usage Calculation
A1: Monthly Usage Calculation — Attendance
A2: Metric | B2: Formula / basis | C2: 10 users/day | D2: 500 users/day | E2: 5,000 users/day
A3: API requests/month | B3: users × 4 API requests/user/day × 30 | C3: =10*4*30 -> 1200 | D3: =500*4*30 -> 60000 | E3: =5000*4*30 -> 600000
A4: Lambda invocations/month | B4: users × 10 Lambda invocations/user/day × 30 | C4: =10*10*30 -> 3000 | D4: =500*10*30 -> 150000 | E4: =5000*10*30 -> 1500000
A5: Lambda GB-seconds/month | B5: invocations × 256/1024 GB × 0.50 sec | C5: =C4*256/1024*0.5 -> 375 | D5: =D4*256/1024*0.5 -> 18750 | E5: =E4*256/1024*0.5 -> 187500
A6: Face-search images/month | B6: users × 2 attendance scans/day × 30 | C6: =10*2*30 -> 600 | D6: =500*2*30 -> 30000 | E6: =5000*2*30 -> 300000
A7: DynamoDB reads/month | B7: users × 8 reads/user/day × 30 | C7: =10*8*30 -> 2400 | D7: =500*8*30 -> 120000 | E7: =5000*8*30 -> 1200000
A8: DynamoDB writes/month | B8: users × 2 writes/user/day × 30 | C8: =10*2*30 -> 600 | D8: =500*2*30 -> 30000 | E8: =5000*2*30 -> 300000
A9: S3 PUT requests/month | B9: one image per attendance scan | C9: =C6 -> 600 | D9: =D6 -> 30000 | E9: =E6 -> 300000
A10: S3 GET requests/month | B10: planning allowance: 0.5 image/report reads per user/day | C10: =10*0.5*30 -> 150 | D10: =500*0.5*30 -> 7500 | E10: =5000*0.5*30 -> 75000
A11: S3 storage added/month (GB) | B11: uploads × 50 KB ÷ 1024 ÷ 1024 | C11: =C9*50/1024/1024 -> 0.028610229 | D11: =D9*50/1024/1024 -> 1.4305115 | E11: =E9*50/1024/1024 -> 14.305115
A12: CloudWatch log ingestion (GB/month) | B12: Lambda invocations × 3 KB ÷ 1024 ÷ 1024 | C12: =C4*3/1024/1024 -> 0.0085830688 | D12: =D4*3/1024/1024 -> 0.42915344 | E12: =E4*3/1024/1024 -> 4.2915344
A13: X-Ray traces/month | B13: API requests × 100% sampling | C13: =C3 -> 1200 | D13: =D3 -> 60000 | E13: =E3 -> 600000
A14: EventBridge Scheduler invocations/month | B14: one daily scheduled absence job | C14: =30 -> 30 | D14: =30 -> 30 | E14: =30 -> 30

Sheet Cost Calculation
A1: Monthly Cost Estimate — AWS us-west-1
A2: Component | B2: Pricing basis | C2: 10 users/day | D2: 500 users/day | E2: 5,000 users/day | F2: Notes
A3: Lambda | B3: $0.20/M requests + $0.0000166667/GB-s x86 | C3: ='Usage Calculation'!C4/1000000*0.2+'Usage Calculation'!C5*0.0000166667 -> 0.0068500125 | D3: ='Usage Calculation'!D4/1000000*0.2+'Usage Calculation'!D5*0.0000166667 -> 0.34250063 | E3: ='Usage Calculation'!E4/1000000*0.2+'Usage Calculation'!E5*0.0000166667 -> 3.4250063 | F3: Gross list-price model; no account credits/discounts.
A4: API Gateway | B4: $3.50/M Regional REST API calls | C4: ='Usage Calculation'!C3/1000000*3.5 -> 0.0042 | D4: ='Usage Calculation'!D3/1000000*3.5 -> 0.21 | E4: ='Usage Calculation'!E3/1000000*3.5 -> 2.1 | F4: Data-transfer charges excluded because payload sizes are not fully evidenced.
A5: DynamoDB | B5: $0.125/M reads + $0.625/M writes | C5: ='Usage Calculation'!C7/1000000*0.125+'Usage Calculation'!C8/1000000*0.625 -> 0.000675 | D5: ='Usage Calculation'!D7/1000000*0.125+'Usage Calculation'!D8/1000000*0.625 -> 0.03375 | E5: ='Usage Calculation'!E7/1000000*0.125+'Usage Calculation'!E8/1000000*0.625 -> 0.3375 | F5: On-demand model; storage charge omitted because modeled data volume is small.
A6: S3 | B6: $0.023/GB-month + $0.005/1K PUT + $0.0004/1K GET | C6: ='Usage Calculation'!C11*0.023+'Usage Calculation'!C9/1000*0.005+'Usage Calculation'!C10/1000*0.0004 -> 0.0037180353 | D6: ='Usage Calculation'!D11*0.023+'Usage Calculation'!D9/1000*0.005+'Usage Calculation'!D10/1000*0.0004 -> 0.18590176 | E6: ='Usage Calculation'!E11*0.023+'Usage Calculation'!E9/1000*0.005+'Usage Calculation'!E10/1000*0.0004 -> 1.8590176 | F6: Uses 50 KB average image assumption.
A7: CloudWatch | B7: $0.50/GB ingest + $0.03/GB-month archive | C7: ='Usage Calculation'!C12*0.5+'Usage Calculation'!C12*0.03 -> 0.0045490265 | D7: ='Usage Calculation'!D12*0.5+'Usage Calculation'!D12*0.03 -> 0.22745132 | E7: ='Usage Calculation'!E12*0.5+'Usage Calculation'!E12*0.03 -> 2.2745132 | F7: One month of retained logs modeled.
A8: X-Ray | B8: $5/M traces after first 100K/month | C8: =MAX(0,'Usage Calculation'!C13-100000)/1000000*5 -> 0 | D8: =MAX(0,'Usage Calculation'!D13-100000)/1000000*5 -> 0 | E8: =MAX(0,'Usage Calculation'!E13-100000)/1000000*5 -> 2.5 | F8: 100% sampling assumption.
A9: Amazon Rekognition | B9: $0.001/image for Group 1 face-search APIs (first tier) | C9: ='Usage Calculation'!C6*0.001 -> 0.6 | D9: ='Usage Calculation'!D6*0.001 -> 30 | E9: ='Usage Calculation'!E6*0.001 -> 300 | F9: SearchFacesByImage/related Group 1 image analysis; face metadata storage not separately modeled.
A10: EventBridge Scheduler | B10: $1/M invocations after 14M free invocations | C10: =MAX(0,'Usage Calculation'!C14-14000000)/1000000*1 -> 0 | D10: =MAX(0,'Usage Calculation'!D14-14000000)/1000000*1 -> 0 | E10: =MAX(0,'Usage Calculation'!E14-14000000)/1000000*1 -> 0 | F10: 30 scheduled invocations/month remain within the included allowance.
A11: TOTAL | C11: =SUM(C3:C10) -> 0.61999207 | D11: =SUM(D3:D10) -> 30.999604 | E11: =SUM(E3:E10) -> 312.49604 | F11: Gross monthly list-price estimate.

Sheet Before vs After
A1: Cost Optimization — Modeled Lambda ARM64 Migration
A2: Optimization | B2: Move Lambda functions from x86_64 to arm64/Graviton after compatibility and performance testing.
A3: Status | B3: MODELED — not claimed as implemented in AWS from the supplied project report.
A4: Why | B4: Lambda ARM64 can reduce duration pricing versus x86; validate actual execution time and dependency compatibility before production migration.
A5: Expected duration-price reduction | B5: 20% modeled reduction for the Lambda duration component.
A7: Workload | B7: Baseline total | C7: Modeled ARM64 total | D7: Modeled savings | E7: Savings %
A8: 10 users/day | B8: ='Cost Calculation'!C11 -> 0.61999207 | C8: =B8-'Cost Calculation'!C3*0.2 -> 0.61862207 | D8: =B8-C8 -> 0.0013700025 | E8: =D8/B8 -> 0.0022097097
A9: 500 users/day | B9: ='Cost Calculation'!D11 -> 30.999604 | C9: =B9-'Cost Calculation'!D3*0.2 -> 30.931104 | D9: =B9-C9 -> 0.068500125 | E9: =D9/B9 -> 0.0022097097
A10: 5,000 users/day | B10: ='Cost Calculation'!E11 -> 312.49604 | C10: =B10-'Cost Calculation'!E3*0.2 -> 311.81104 | D10: =B10-C10 -> 0.68500125 | E10: =D10/B10 -> 0.0021920318

Sheet Pricing Sources
A1: AWS Pricing Sources — checked September 2026
A2: Service | B2: Rate used | C2: Source | D2: URL
A3: Lambda | B3: $0.20/M requests; $0.0000166667/GB-s x86; ARM modeled at 20% lower duration price | C3: AWS Lambda Pricing | D3: https://aws.amazon.com/lambda/pricing/
A4: API Gateway | B4: $3.50/M Regional REST API calls | C4: Amazon API Gateway Pricing | D4: https://aws.amazon.com/api-gateway/pricing/
A5: DynamoDB | B5: $0.125/M reads; $0.625/M writes | C5: Amazon DynamoDB Pricing | D5: https://aws.amazon.com/dynamodb/pricing/
A6: S3 | B6: $0.023/GB-month; $0.005/1K PUT; $0.0004/1K GET | C6: Amazon S3 Pricing | D6: https://aws.amazon.com/s3/pricing/
A7: CloudWatch | B7: $0.50/GB log ingestion; $0.03/GB-month archive | C7: Amazon CloudWatch Pricing | D7: https://aws.amazon.com/cloudwatch/pricing/
A8: X-Ray | B8: $5/M recorded traces after first 100K | C8: AWS X-Ray / CloudWatch Pricing | D8: https://aws.amazon.com/cloudwatch/pricing/
A9: Rekognition | B9: Group 1 image analysis: $0.001/image for first 1M images | C9: Amazon Rekognition Pricing | D9: https://aws.amazon.com/rekognition/pricing/
A10: EventBridge Scheduler | B10: 14M invocations/month included; $1/M beyond allowance | C10: Amazon EventBridge Pricing | D10: https://aws.amazon.com/eventbridge/pricing/
